제목,내용,링크
,,https://n.news.naver.com/mnews/article/030/0003197603?sid=101
,,https://n.news.naver.com/mnews/article/030/0003197603?sid=101
,,https://n.news.naver.com/mnews/article/119/0002819995?sid=101
,,https://n.news.naver.com/mnews/article/119/0002819995?sid=101
,,https://n.news.naver.com/mnews/article/215/0001157413?sid=101
,,https://n.news.naver.com/mnews/article/215/0001157413?sid=101
,,https://n.news.naver.com/mnews/article/050/0000073634?sid=101
,,https://n.news.naver.com/mnews/article/050/0000073634?sid=101
,,https://n.news.naver.com/mnews/article/018/0005714733?sid=101
,,https://n.news.naver.com/mnews/article/018/0005714733?sid=101
,,https://n.news.naver.com/mnews/article/008/0005025197?sid=101
,,https://n.news.naver.com/mnews/article/008/0005025197?sid=101
,,https://n.news.naver.com/mnews/article/586/0000076613?sid=101
,,https://n.news.naver.com/mnews/article/586/0000076613?sid=101
,,https://n.news.naver.com/mnews/article/082/0001265107?sid=101
,,https://n.news.naver.com/mnews/article/082/0001265107?sid=101
,,https://n.news.naver.com/mnews/article/015/0004972460?sid=101
,,https://n.news.naver.com/mnews/article/015/0004972460?sid=101
,,https://n.news.naver.com/mnews/article/028/0002685267?sid=101
,,https://n.news.naver.com/mnews/article/028/0002685267?sid=101
