순위,제목,가수,좋아요수,앨범 이미지
1,Magnetic,아일릿(ILLIT),"
총건수
												0
											",album_images/1_Magnetic.jpg
2,나는 아픈 건 딱 질색이니까,(여자)아이들,"
총건수
												0
											",album_images/2_나는 아픈 건 딱 질색이니까.jpg
3,첫 만남은 계획대로 되지 않아,TWS (투어스),"
총건수
												0
											",album_images/3_첫 만남은 계획대로 되지 않아.jpg
4,밤양갱,비비 (BIBI),"
총건수
												0
											",album_images/4_밤양갱.jpg
5,Love wins all,아이유,"
총건수
												0
											",album_images/5_Love wins all.jpg
6,EASY,LE SSERAFIM (르세라핌),"
총건수
												0
											",album_images/6_EASY.jpg
7,천상연,이창섭,"
총건수
												0
											",album_images/7_천상연.jpg
8,Smart,LE SSERAFIM (르세라핌),"
총건수
												0
											",album_images/8_Smart.jpg
9,비의 랩소디,임재현,"
총건수
												0
											",album_images/9_비의 랩소디.jpg
10,To. X,태연 (TAEYEON),"
총건수
												0
											",album_images/10_To. X.jpg
11,예뻤어,DAY6 (데이식스),"
총건수
												0
											",album_images/11_예뻤어.jpg
12,한 페이지가 될 수 있게,DAY6 (데이식스),"
총건수
												0
											",album_images/12_한 페이지가 될 수 있게.jpg
13,사랑은 늘 도망가,임영웅,"
총건수
												0
											",album_images/13_사랑은 늘 도망가.jpg
14,그대만 있다면 (여름날 우리 X 너드커넥션 (Nerd Connection)),너드커넥션 (Nerd Connection),"
총건수
												0
											",album_images/14_그대만 있다면 (여름날 우리 X 너드커넥션 (Nerd Connection)).jpg
15,Love 119,RIIZE,"
총건수
												0
											",album_images/15_Love 119.jpg
16,홀씨,아이유,"
총건수
												0
											",album_images/16_홀씨.jpg
17,모래 알갱이,임영웅,"
총건수
												0
											",album_images/17_모래 알갱이.jpg
18,우리들의 블루스,임영웅,"
총건수
												0
											",album_images/18_우리들의 블루스.jpg
19,Perfect Night,LE SSERAFIM (르세라핌),"
총건수
												0
											",album_images/19_Perfect Night.jpg
20,Do or Die,임영웅,"
총건수
												0
											",album_images/20_Do or Die.jpg
21,헤어지자 말해요,박재정,"
총건수
												0
											",album_images/21_헤어지자 말해요.jpg
22,다시 만날 수 있을까,임영웅,"
총건수
												0
											",album_images/22_다시 만날 수 있을까.jpg
23,에피소드,이무진,"
총건수
												0
											",album_images/23_에피소드.jpg
24,무지개,임영웅,"
총건수
												0
											",album_images/24_무지개.jpg
25,이제 나만 믿어요,임영웅,"
총건수
												0
											",album_images/25_이제 나만 믿어요.jpg
26,Seven (feat. Latto) - Clean Ver.,정국,"
총건수
												0
											",album_images/26_Seven (feat. Latto) - Clean Ver..jpg
27,London Boy,임영웅,"
총건수
												0
											",album_images/27_London Boy.jpg
28,인사,범진,"
총건수
												0
											",album_images/28_인사.jpg
29,Drama,aespa,"
총건수
												0
											",album_images/29_Drama.jpg
30,Polaroid,임영웅,"
총건수
												0
											",album_images/30_Polaroid.jpg
31,아버지,임영웅,"
총건수
												0
											",album_images/31_아버지.jpg
32,I AM,IVE (아이브),"
총건수
												0
											",album_images/32_I AM.jpg
33,사랑인가 봐,멜로망스,"
총건수
												0
											",album_images/33_사랑인가 봐.jpg
34,인생찬가,임영웅,"
총건수
												0
											",album_images/34_인생찬가.jpg
35,A bientot,임영웅,"
총건수
												0
											",album_images/35_A bientot.jpg
36,WAY 4 LUV,PLAVE,"
총건수
												0
											",album_images/36_WAY 4 LUV.jpg
37,MANIAC,VIVIZ (비비지),"
총건수
												0
											",album_images/37_MANIAC.jpg
38,꿈,태연 (TAEYEON),"
총건수
												0
											",album_images/38_꿈.jpg
39,Love Lee,AKMU (악뮤),"
총건수
												0
											",album_images/39_Love Lee.jpg
40,너의 모든 순간,성시경,"
총건수
												0
											",album_images/40_너의 모든 순간.jpg
41,봄날,방탄소년단,"
총건수
												0
											",album_images/41_봄날.jpg
42,연애편지,임영웅,"
총건수
												0
											",album_images/42_연애편지.jpg
43,Super Lady,(여자)아이들,"
총건수
												0
											",album_images/43_Super Lady.jpg
44,Hype Boy,NewJeans,"
총건수
												0
											",album_images/44_Hype Boy.jpg
45,사막에서 꽃을 피우듯,우디 (Woody),"
총건수
												0
											",album_images/45_사막에서 꽃을 피우듯.jpg
46,Siren,RIIZE,"
총건수
												0
											",album_images/46_Siren.jpg
47,Welcome to the Show,DAY6 (데이식스),"
총건수
												0
											",album_images/47_Welcome to the Show.jpg
48,Get A Guitar,RIIZE,"
총건수
												0
											",album_images/48_Get A Guitar.jpg
49,Shopper,아이유,"
총건수
												0
											",album_images/49_Shopper.jpg
50,Super Shy,NewJeans,"
총건수
												0
											",album_images/50_Super Shy.jpg
51,벚꽃 엔딩,버스커 버스커,"
총건수
												0
											",album_images/51_벚꽃 엔딩.jpg
52,Wife,(여자)아이들,"
총건수
												0
											",album_images/52_Wife.jpg
53,우리 영화,PLAVE,"
총건수
												0
											",album_images/53_우리 영화.jpg
54,퀸카 (Queencard),(여자)아이들,"
총건수
												0
											",album_images/54_퀸카 (Queencard).jpg
55,Ditto,NewJeans,"
총건수
												0
											",album_images/55_Ditto.jpg
56,주저하는 연인들을 위해,잔나비,"
총건수
												0
											",album_images/56_주저하는 연인들을 위해.jpg
57,Watch Me Woo!,PLAVE,"
총건수
												0
											",album_images/57_Watch Me Woo!.jpg
58,Baddie,IVE (아이브),"
총건수
												0
											",album_images/58_Baddie.jpg
59,You & Me,제니 (JENNIE),"
총건수
												0
											",album_images/59_You & Me.jpg
60,"잘 지내자, 우리 (여름날 우리 X 로이킴)",로이킴,"
총건수
												0
											","album_images/60_잘 지내자, 우리 (여름날 우리 X 로이킴).jpg"
61,From,PLAVE,"
총건수
												0
											",album_images/61_From.jpg
62,봄 사랑 벚꽃 말고,HIGH4 (하이포),"
총건수
												0
											",album_images/62_봄 사랑 벚꽃 말고.jpg
63,그대가 내 안에 박혔다(그내박),순순희(기태),"
총건수
												0
											",album_images/63_그대가 내 안에 박혔다(그내박).jpg
64,사건의 지평선,윤하 (YOUNHA),"
총건수
												0
											",album_images/64_사건의 지평선.jpg
65,ETA,NewJeans,"
총건수
												0
											",album_images/65_ETA.jpg
66,"어떻게 이별까지 사랑하겠어, 널 사랑하는 거지",AKMU (악뮤),"
총건수
												0
											","album_images/66_어떻게 이별까지 사랑하겠어, 널 사랑하는 거지.jpg"
67,사랑할 수밖에,볼빨간사춘기,"
총건수
												0
											",album_images/67_사랑할 수밖에.jpg
68,심(心),DK(디셈버),"
총건수
												0
											",album_images/68_심(心).jpg
69,후라이의 꿈,AKMU (악뮤),"
총건수
												0
											",album_images/69_후라이의 꿈.jpg
70,취중고백,김민석,"
총건수
												0
											",album_images/70_취중고백.jpg
71,Dynamite,방탄소년단,"
총건수
												0
											",album_images/71_Dynamite.jpg
72,Deja Vu,투모로우바이투게더,"
총건수
												0
											",album_images/72_Deja Vu.jpg
73,I Don't Think That I Like Her,Charlie Puth,"
총건수
												0
											",album_images/73_I Don't Think That I Like Her.jpg
74,"모든 날, 모든 순간 (Every day, Every Moment)",폴킴,"
총건수
												0
											","album_images/74_모든 날, 모든 순간 (Every day, Every Moment).jpg"
75,버추얼 아이돌,PLAVE,"
총건수
												0
											",album_images/75_버추얼 아이돌.jpg
76,사랑하지 않아서 그랬어,임한별,"
총건수
												0
											",album_images/76_사랑하지 않아서 그랬어.jpg
77,Standing Next to You,정국,"
총건수
												0
											",album_images/77_Standing Next to You.jpg
78,LOVE DIVE,IVE (아이브),"
총건수
												0
											",album_images/78_LOVE DIVE.jpg
79,Spicy,aespa,"
총건수
												0
											",album_images/79_Spicy.jpg
80,미안해 미워해 사랑해,Crush,"
총건수
												0
											",album_images/80_미안해 미워해 사랑해.jpg
81,사랑..그게 뭔데,지아,"
총건수
												0
											",album_images/81_사랑..그게 뭔데.jpg
82,다정히 내 이름을 부르면,경서예지,"
총건수
												0
											",album_images/82_다정히 내 이름을 부르면.jpg
83,해요 (2022),#안녕,"
총건수
												0
											",album_images/83_해요 (2022).jpg
84,Smoothie,NCT DREAM,"
총건수
												0
											",album_images/84_Smoothie.jpg
85,Kitsch,IVE (아이브),"
총건수
												0
											",album_images/85_Kitsch.jpg
86,혹시 세상에 혼자 남겨진 것 같다면,우디 (Woody),"
총건수
												0
											",album_images/86_혹시 세상에 혼자 남겨진 것 같다면.jpg
87,봄이 와도,로이킴,"
총건수
												0
											",album_images/87_봄이 와도.jpg
88,파이팅 해야지 (Feat. 이영지),부석순 (SEVENTEEN),"
총건수
												0
											",album_images/88_파이팅 해야지 (Feat. 이영지).jpg
89,물론,허각,"
총건수
												0
											",album_images/89_물론.jpg
90,기억해줘요 내 모든 날과 그때를,화곡동 청개구리,"
총건수
												0
											",album_images/90_기억해줘요 내 모든 날과 그때를.jpg
91,Steal The Show (From “엘리멘탈”),Lauv,"
총건수
												0
											",album_images/91_Steal The Show (From “엘리멘탈”).jpg
92,우연히 봄,로꼬,"
총건수
												0
											",album_images/92_우연히 봄.jpg
93,"이브, 프시케 그리고 푸른 수염의 아내",LE SSERAFIM (르세라핌),"
총건수
												0
											","album_images/93_이브, 프시케 그리고 푸른 수염의 아내.jpg"
94,"Yes or No (Feat. 허윤진 of LE SSERAFIM, Crush)",그루비룸 (GroovyRoom),"
총건수
												0
											","album_images/94_Yes or No (Feat. 허윤진 of LE SSERAFIM, Crush).jpg"
95,고민중독,QWER,"
총건수
												0
											",album_images/95_고민중독.jpg
96,별 떨어진다 (I Do),디오 (D.O.),"
총건수
												0
											",album_images/96_별 떨어진다 (I Do).jpg
97,손오공,세븐틴 (SEVENTEEN),"
총건수
												0
											",album_images/97_손오공.jpg
98,After LIKE,IVE (아이브),"
총건수
												0
											",album_images/98_After LIKE.jpg
99,Merry PLLIstmas,PLAVE,"
총건수
												0
											",album_images/99_Merry PLLIstmas.jpg
100,좋아해요,폴킴,"
총건수
												0
											",album_images/100_좋아해요.jpg
